mean_fit_time,std_fit_time,mean_score_time,std_score_time,param_knn__metric,param_knn__n_neighbors,param_knn__weights,params,split0_test_score,split1_test_score,split2_test_score,split3_test_score,split4_test_score,mean_test_score,std_test_score,rank_test_score,split0_train_score,split1_train_score,split2_train_score,split3_train_score,split4_train_score,mean_train_score,std_train_score
0.009405755996704101,0.0009916781656912998,0.023418998718261717,0.013780142593254486,euclidean,3,uniform,"{'knn__metric': 'euclidean', 'knn__n_neighbors': 3, 'knn__weights': 'uniform'}",0.7,0.5454545454545454,0.6666666666666666,0.5858585858585859,0.6464646464646465,0.6288888888888888,0.05586726145936531,23,0.8106060606060606,0.8161209068010076,0.8161209068010076,0.8161209068010076,0.8110831234256927,0.8140103808869552,0.0025892543992851536
0.00911087989807129,0.0005202501740378973,0.012645339965820313,0.005148106405522418,euclidean,3,distance,"{'knn__metric': 'euclidean', 'knn__n_neighbors': 3, 'knn__weights': 'distance'}",0.73,0.5757575757575758,0.6666666666666666,0.6262626262626263,0.696969696969697,0.659131313131313,0.053930374156002915,8,1.0,1.0,1.0,1.0,1.0,1.0,0.0
0.008475255966186524,0.00025197563481193456,0.010575580596923827,0.0007602069679042037,euclidean,5,uniform,"{'knn__metric': 'euclidean', 'knn__n_neighbors': 5, 'knn__weights': 'uniform'}",0.68,0.5353535353535354,0.6363636363636364,0.5656565656565656,0.6363636363636364,0.6107474747474748,0.05258464396708208,27,0.7373737373737373,0.7884130982367759,0.7355163727959698,0.7632241813602015,0.7304785894206549,0.7510011958374679,0.021889342425805876
0.009094953536987305,0.0012272934506015797,0.010923814773559571,0.0017094218836134873,euclidean,5,distance,"{'knn__metric': 'euclidean', 'knn__n_neighbors': 5, 'knn__weights': 'distance'}",0.71,0.5656565656565656,0.6464646464646465,0.6262626262626263,0.6666666666666666,0.643010101010101,0.0475883617951821,13,1.0,1.0,1.0,1.0,1.0,1.0,0.0
0.008303308486938476,0.0011891386868203464,0.010503721237182618,0.00022731394987738515,euclidean,7,uniform,"{'knn__metric': 'euclidean', 'knn__n_neighbors': 7, 'knn__weights': 'uniform'}",0.66,0.5454545454545454,0.6363636363636364,0.5454545454545454,0.6666666666666666,0.6107878787878788,0.05428679410954731,26,0.7070707070707071,0.7455919395465995,0.7204030226700252,0.7405541561712846,0.7229219143576826,0.7273083479632598,0.014044412286369221
0.008454275131225587,0.0009454945532312904,0.00902862548828125,0.00018799418501671335,euclidean,7,distance,"{'knn__metric': 'euclidean', 'knn__n_neighbors': 7, 'knn__weights': 'distance'}",0.71,0.5454545454545454,0.6565656565656566,0.6262626262626263,0.6767676767676768,0.643010101010101,0.05587224338487848,13,1.0,1.0,1.0,1.0,1.0,1.0,0.0
0.007963418960571289,0.00018524942556746082,0.010844707489013672,0.0009486609171320538,euclidean,9,uniform,"{'knn__metric': 'euclidean', 'knn__n_neighbors': 9, 'knn__weights': 'uniform'}",0.69,0.5555555555555556,0.6363636363636364,0.5757575757575758,0.6161616161616161,0.6147676767676767,0.04723577939675445,25,0.6792929292929293,0.7103274559193955,0.690176322418136,0.7103274559193955,0.6750629722921915,0.6930374271684097,0.014953717656543878
0.008414745330810547,0.001014544213163928,0.009286785125732422,0.00020907510160244808,euclidean,9,distance,"{'knn__metric': 'euclidean', 'knn__n_neighbors': 9, 'knn__weights': 'distance'}",0.73,0.5555555555555556,0.6262626262626263,0.5858585858585859,0.6767676767676768,0.634888888888889,0.06256535324107905,20,1.0,1.0,1.0,1.0,1.0,1.0,0.0
0.008142566680908203,0.0001562010088266793,0.011461877822875976,0.0020430549243988147,euclidean,11,uniform,"{'knn__metric': 'euclidean', 'knn__n_neighbors': 11, 'knn__weights': 'uniform'}",0.7,0.5454545454545454,0.5858585858585859,0.5555555555555556,0.6363636363636364,0.6046464646464647,0.057209895522535414,29,0.6691919191919192,0.7178841309823678,0.7178841309823678,0.690176322418136,0.6750629722921915,0.6940398951733965,0.02063767365512947
0.007913494110107422,0.00042709379802637987,0.00942244529724121,0.0002734725580561144,euclidean,11,distance,"{'knn__metric': 'euclidean', 'knn__n_neighbors': 11, 'knn__weights': 'distance'}",0.7,0.5555555555555556,0.6262626262626263,0.5959595959595959,0.6767676767676768,0.630909090909091,0.05253146816370102,22,1.0,1.0,1.0,1.0,1.0,1.0,0.0
0.008012342453002929,0.0003743312432139825,0.010750102996826171,0.00029686567189810307,euclidean,15,uniform,"{'knn__metric': 'euclidean', 'knn__n_neighbors': 15, 'knn__weights': 'uniform'}",0.66,0.5353535353535354,0.6161616161616161,0.5252525252525253,0.6565656565656566,0.5986666666666667,0.05799712548597785,31,0.6439393939393939,0.6624685138539043,0.6599496221662469,0.672544080604534,0.6801007556675063,0.6638004732463171,0.012273675225823762
0.009631156921386719,0.003115855922116091,0.010210180282592773,0.001117762266798587,euclidean,15,distance,"{'knn__metric': 'euclidean', 'knn__n_neighbors': 15, 'knn__weights': 'distance'}",0.67,0.5959595959595959,0.6262626262626263,0.5858585858585859,0.696969696969697,0.635010101010101,0.04261599761508952,19,1.0,1.0,1.0,1.0,1.0,1.0,0.0
0.011537265777587891,0.00482079037655768,0.01358046531677246,0.004612812622454067,euclidean,21,uniform,"{'knn__metric': 'euclidean', 'knn__n_neighbors': 21, 'knn__weights': 'uniform'}",0.63,0.494949494949495,0.6161616161616161,0.5959595959595959,0.6565656565656566,0.5987272727272728,0.055506226033268366,30,0.6565656565656566,0.6599496221662469,0.6700251889168766,0.654911838790932,0.6448362720403022,0.6572577156960028,0.00813054831700365
0.008406496047973633,0.0008860532670940503,0.010241937637329102,0.0010467925929598643,euclidean,21,distance,"{'knn__metric': 'euclidean', 'knn__n_neighbors': 21, 'knn__weights': 'distance'}",0.67,0.5353535353535354,0.6464646464646465,0.6161616161616161,0.7171717171717171,0.6370303030303031,0.06061735921617689,17,1.0,1.0,1.0,1.0,1.0,1.0,0.0
0.008436107635498047,0.0004359227096779987,0.01222538948059082,0.001034663061523682,euclidean,31,uniform,"{'knn__metric': 'euclidean', 'knn__n_neighbors': 31, 'knn__weights': 'uniform'}",0.65,0.5252525252525253,0.5858585858585859,0.5252525252525253,0.6666666666666666,0.5906060606060606,0.059795590997877325,32,0.6464646464646465,0.6347607052896725,0.6196473551637279,0.6246851385390428,0.6120906801007556,0.627529705111569,0.011995047816415765
0.008031368255615234,0.00043398717765224767,0.010198020935058593,0.00048024456425912023,euclidean,31,distance,"{'knn__metric': 'euclidean', 'knn__n_neighbors': 31, 'knn__weights': 'distance'}",0.66,0.5656565656565656,0.6262626262626263,0.5757575757575758,0.6767676767676768,0.6208888888888889,0.044200542881522684,24,1.0,1.0,1.0,1.0,1.0,1.0,0.0
0.007986879348754883,0.00036091812379231137,0.011181449890136719,0.0002622639742526017,manhattan,3,uniform,"{'knn__metric': 'manhattan', 'knn__n_neighbors': 3, 'knn__weights': 'uniform'}",0.66,0.5757575757575758,0.6262626262626263,0.6161616161616161,0.7575757575757576,0.6471515151515153,0.06140425226068888,11,0.8106060606060606,0.8236775818639799,0.8161209068010076,0.8110831234256927,0.8161209068010076,0.8155217158995496,0.00471383027305648
0.00822463035583496,0.00034517255456232996,0.010291147232055663,0.0002798257993098007,manhattan,3,distance,"{'knn__metric': 'manhattan', 'knn__n_neighbors': 3, 'knn__weights': 'distance'}",0.69,0.5959595959595959,0.6363636363636364,0.6464646464646465,0.7474747474747475,0.6632525252525252,0.051656545904880044,3,1.0,1.0,1.0,1.0,1.0,1.0,0.0
0.009399080276489257,0.00357346510709304,0.011768388748168945,0.0012415249985728378,manhattan,5,uniform,"{'knn__metric': 'manhattan', 'knn__n_neighbors': 5, 'knn__weights': 'uniform'}",0.69,0.5454545454545454,0.6464646464646465,0.6363636363636364,0.7171717171717171,0.647090909090909,0.05864797821267015,12,0.7626262626262627,0.7808564231738035,0.7556675062972292,0.783375314861461,0.7531486146095718,0.7671348243136655,0.012644970394411049
0.00736842155456543,0.0004116771775818172,0.00994405746459961,0.0005457223391019041,manhattan,5,distance,"{'knn__metric': 'manhattan', 'knn__n_neighbors': 5, 'knn__weights': 'distance'}",0.72,0.6060606060606061,0.6565656565656566,0.6464646464646465,0.7171717171717171,0.6692525252525253,0.04369214541612915,2,1.0,1.0,1.0,1.0,1.0,1.0,0.0
0.007654809951782226,0.0004247796335416403,0.010946702957153321,0.0002408601390359634,manhattan,7,uniform,"{'knn__metric': 'manhattan', 'knn__n_neighbors': 7, 'knn__weights': 'uniform'}",0.66,0.6060606060606061,0.6363636363636364,0.6060606060606061,0.696969696969697,0.641090909090909,0.034515457470642254,15,0.7095959595959596,0.7531486146095718,0.707808564231738,0.7380352644836272,0.7204030226700252,0.7257982851181843,0.017395622748626344
0.008227872848510741,0.0005680878567986671,0.010990715026855469,0.0017375594210386387,manhattan,7,distance,"{'knn__metric': 'manhattan', 'knn__n_neighbors': 7, 'knn__weights': 'distance'}",0.7,0.6161616161616161,0.6666666666666666,0.6262626262626263,0.7373737373737373,0.6692929292929293,0.04529759660216934,1,1.0,1.0,1.0,1.0,1.0,1.0,0.0
0.00815134048461914,0.00029234657899571717,0.011426019668579101,0.000876270626376388,manhattan,9,uniform,"{'knn__metric': 'manhattan', 'knn__n_neighbors': 9, 'knn__weights': 'uniform'}",0.69,0.5757575757575758,0.6262626262626263,0.6161616161616161,0.6464646464646465,0.6309292929292929,0.03745524282091895,21,0.7121212121212122,0.7405541561712846,0.7002518891687658,0.72544080604534,0.6952141057934509,0.7147164338600107,0.016606619656138615
0.007666158676147461,0.0005675749128402498,0.01066727638244629,0.0008152120013309428,manhattan,9,distance,"{'knn__metric': 'manhattan', 'knn__n_neighbors': 9, 'knn__weights': 'distance'}",0.7,0.5858585858585859,0.6565656565656566,0.6363636363636364,0.7272727272727273,0.6612121212121211,0.04936738870390146,7,1.0,1.0,1.0,1.0,1.0,1.0,0.0
0.012074089050292969,0.0058832437443841566,0.01518392562866211,0.004649648550476069,manhattan,11,uniform,"{'knn__metric': 'manhattan', 'knn__n_neighbors': 11, 'knn__weights': 'uniform'}",0.68,0.5555555555555556,0.6262626262626263,0.6060606060606061,0.7171717171717171,0.637010101010101,0.056537135666899545,18,0.7070707070707071,0.72544080604534,0.6952141057934509,0.707808564231738,0.6775818639798489,0.7026232094242169,0.01580680014193453
0.007849168777465821,0.00033103117352268057,0.010452079772949218,9.008492601241115e-05,manhattan,11,distance,"{'knn__metric': 'manhattan', 'knn__n_neighbors': 11, 'knn__weights': 'distance'}",0.69,0.5858585858585859,0.6464646464646465,0.6262626262626263,0.7575757575757576,0.6612323232323233,0.05870570813242834,6,1.0,1.0,1.0,1.0,1.0,1.0,0.0
0.008043050765991211,0.0004886796004382126,0.011803579330444337,0.00030403532823743194,manhattan,15,uniform,"{'knn__metric': 'manhattan', 'knn__n_neighbors': 15, 'knn__weights': 'uniform'}",0.66,0.6464646464646465,0.6262626262626263,0.6161616161616161,0.7070707070707071,0.6511919191919192,0.03184638160328932,10,0.6818181818181818,0.6952141057934509,0.7027707808564232,0.6977329974811083,0.6851385390428212,0.6925349209983971,0.007855263483917569
0.008362436294555664,0.0007125470944482976,0.010686922073364257,0.00026831849336083404,manhattan,15,distance,"{'knn__metric': 'manhattan', 'knn__n_neighbors': 15, 'knn__weights': 'distance'}",0.68,0.6060606060606061,0.6464646464646465,0.6363636363636364,0.7373737373737373,0.6612525252525253,0.044788821903384686,5,1.0,1.0,1.0,1.0,1.0,1.0,0.0
0.00820455551147461,0.00020034809014484982,0.012020492553710937,0.00036577176045635374,manhattan,21,uniform,"{'knn__metric': 'manhattan', 'knn__n_neighbors': 21, 'knn__weights': 'uniform'}",0.68,0.5959595959595959,0.6060606060606061,0.6161616161616161,0.7070707070707071,0.6410505050505051,0.0441648505843741,16,0.6717171717171717,0.672544080604534,0.7052896725440806,0.672544080604534,0.6750629722921915,0.6794315955525023,0.012977773879375543
0.008076715469360351,0.0004158754732245762,0.011526823043823242,0.0005125813813507573,manhattan,21,distance,"{'knn__metric': 'manhattan', 'knn__n_neighbors': 21, 'knn__weights': 'distance'}",0.7,0.6060606060606061,0.6161616161616161,0.6363636363636364,0.7575757575757576,0.6632323232323232,0.05737373737373737,4,1.0,1.0,1.0,1.0,1.0,1.0,0.0
0.008542203903198242,0.0011229873720342155,0.012286090850830078,0.0006147095989773193,manhattan,31,uniform,"{'knn__metric': 'manhattan', 'knn__n_neighbors': 31, 'knn__weights': 'uniform'}",0.63,0.5454545454545454,0.5656565656565656,0.6161616161616161,0.6666666666666666,0.6047878787878788,0.04392197959799807,28,0.6641414141414141,0.6523929471032746,0.6523929471032746,0.6523929471032746,0.6347607052896725,0.651216192148182,0.009402113251795194
0.0080047607421875,0.0005180540594304672,0.012395763397216797,0.0013527538774859543,manhattan,31,distance,"{'knn__metric': 'manhattan', 'knn__n_neighbors': 31, 'knn__weights': 'distance'}",0.69,0.5757575757575758,0.5959595959595959,0.6666666666666666,0.7373737373737373,0.6531515151515151,0.05982405928708561,9,1.0,1.0,1.0,1.0,1.0,1.0,0.0
